keyword,title
Productivity Apps,A Comparison of the Best Productivity Apps and How to Choose the Right One
Content Marketing Strategies,Your Complete Guide to Content Marketing: How to Build an Effective Strategy
Machine Learning Benefits,Top 5 Benefits of Machine Learning in Business and Technology Today
Real Estate Investment,Is Real Estate Investment the Best Option for 2025? Risk and Opportunity Analysis
Habit Building,Simple Steps to Build Lasting Successful Habits (A Practical Guide)
Remote Work Challenges,Overcoming the Top Challenges of Remote Work and Hybrid Teams
Time Management Hacks,Simple Time Management Hacks to Boost Your Daily Productivity
New Social Media Trends,Emerging Social Media Trends You Need to Master in 2025
Cloud Computing Benefits,The Essential Benefits of Cloud Computing for Small Businesses
Sustainable Living Guide,A Practical Guide to Adopting a Sustainable Lifestyle Today
